Date,Predicted Revenue
2024-06-29,5077.67
2024-06-30,5100.7
2024-07-01,5123.73
2024-07-02,5146.76
2024-07-03,5169.79
2024-07-04,5192.82
2024-07-05,5215.86
2024-07-06,5238.89
2024-07-07,5261.92
2024-07-08,5284.95
2024-07-09,5307.98
2024-07-10,5331.01
2024-07-11,5354.04
2024-07-12,5377.07
2024-07-13,5400.1
2024-07-14,5423.13
2024-07-15,5446.17
2024-07-16,5469.2
2024-07-17,5492.23
2024-07-18,5515.26
2024-07-19,5538.29
2024-07-20,5561.32
2024-07-21,5584.35
2024-07-22,5607.38
2024-07-23,5630.41
2024-07-24,5653.45
2024-07-25,5676.48
2024-07-26,5699.51
2024-07-27,5722.54
2024-07-28,5745.57
